연번,요일구분,호선,역번호,출발역,상하구분,5시30분,6시00분,6시30분,7시00분,7시30분,8시00분,8시30분,9시00분,9시30분,10시00분,10시30분,11시00분,11시30분,12시00분,12시30분,13시00분,13시30분,14시00분,14시30분,15시00분,15시30분,16시00분,16시30분,17시00분,17시30분,18시00분,18시30분,19시00분,19시30분,20시00분,20시30분,21시00분,21시30분,22시00분,22시30분,23시00분,23시30분,00시00분,00시30분
129,평일,3,309,지축,상선,19.4,14,11.7,18.7,16.1,25.5,18.7,15.9,18.5,11.5,14.8,17.5,18.2,18.6,22.6,22.3,24.6,23.7,29.8,34.4,36.7,33.4,48.5,46.6,61.8,111.4,104.1,83.9,66.1,38.2,44.8,46.2,34.2,37.8,41.6,32.9,32.9,32.5,
130,평일,3,309,지축,하선,39,34.3,58.1,91.6,96.6,113.2,77.9,78.7,45.2,46.1,42,41.7,32.5,34.3,32,26.9,29.2,22.6,24.1,23.3,23.7,24.5,30.5,29.8,29.4,30.4,27.7,18.1,15.3,10.4,11.5,10.9,8.3,9.8,10.2,6.7,4.7,1.8,2.9
131,평일,3,310,구파발,상선,20.6,12.2,7.9,9.5,13.6,14.1,9.5,7.8,11.1,8,8.9,10.2,13.1,11.3,23.4,22.2,18.7,13.2,23.3,27.3,37,35,26.1,48.5,52.9,59.4,55.7,49.2,35.7,28.9,24.1,29.7,26.4,23.2,23.3,27.6,10.7,8.8,0
132,평일,3,310,구파발,하선,16.5,26.4,41,62.6,66.1,82.1,64.2,43.8,42.1,42.6,37.6,36.5,23.2,32.9,28.9,33.5,26.6,21,18.4,23.1,30.5,25.4,25.8,18.2,27.1,18.3,17.9,11.2,9.4,10.2,8.4,8.5,10.2,9.9,8.8,7.6,3.4,1.4,3
133,평일,3,311,연신내,상선,21.2,14.5,9.8,11.4,15.8,17.5,10.6,10.8,13.1,10.9,11.6,13.2,16.6,18.8,23.2,27,23.8,21.9,24.9,35.3,43.5,41.4,38,52.8,62.3,71.8,77.6,51.4,44.8,34.8,35.6,30.6,33.2,28.7,35.2,27,18,8.5,3.7
134,평일,3,311,연신내,하선,24.4,31.7,43.3,64.6,78,91.1,73.1,56.9,46.1,42.9,48.6,34.2,26.8,34.7,31.4,37,26,24.4,17.2,23.6,29.1,28.9,22.3,17,21.4,15.9,15.7,12,8.5,7.9,8.1,8.1,9.3,8.9,7.9,7.2,3.4,1.5,2.7
135,평일,3,312,불광,상선,19.6,14.9,10.6,12.3,16.9,18.6,12.1,11.9,14.8,12.8,13,16.4,19.4,22.2,28.6,30.5,28.5,26.1,30.3,43.5,54.2,49,49.1,69.4,78.8,94.3,98.8,68.6,59.1,44.5,45.1,38.6,42.8,38.3,44.7,31.7,25.2,12.3,7
136,평일,3,312,불광,하선,32.9,35.3,50.7,69.5,95.2,110.3,87.1,67.5,57,46.4,54.2,38.9,34.2,35.2,35.3,42.9,30.8,28.6,21,26.2,32.6,33.3,25.2,20.3,24.8,20.3,18.2,14.5,10.1,9.4,9.5,9.4,11.1,10,9.4,8.6,5.1,1.8,2.6
137,평일,3,313,녹번,상선,17.4,11.6,8.8,11.4,15.4,15.6,11.4,11.6,14,12.4,12.5,15.8,19,21.9,29.9,28.7,27.5,26.4,31.2,47.6,55.1,48.2,50,71,81.1,96.2,101.1,70.8,57.8,45.3,47.2,38,43.2,39.6,45.2,33.2,26.9,13.3,8.6
138,평일,3,313,녹번,하선,38.4,40.2,58,80.7,107.9,127,97.3,76,66.7,51.7,58.1,40.3,39.2,37.9,38.1,45.8,32.8,30,22.1,27.1,32.7,34.8,25.8,20.6,25.2,21.8,17.3,15.2,10.2,9.6,9.6,9,10.5,9.4,9.2,8.1,4.9,2.2,2.3
139,평일,3,314,홍제,상선,15.9,11.1,8.4,10.6,14.2,14.9,11.4,11.6,13.6,11.8,13,16.6,19.8,22.6,31.2,30.7,27.4,28,33.6,50.7,58.9,52.7,53.9,90.9,92.7,105.3,109.3,79.9,64.7,51.6,51.3,45,46,44.4,51.1,37.3,30.7,15.3,10.4
140,평일,3,314,홍제,하선,43.9,42,57.1,84,114.9,141.5,104.2,83.2,71.3,58.8,61.3,44.4,41.9,37,44.3,49.6,39.5,30.4,25.4,27.2,35.4,37.8,31,21.6,28.6,22.9,18,15.1,10.3,9.9,9.5,10,11,9.6,8.7,8.8,4.7,2.2,2
141,평일,3,315,무악재,상선,13.9,11.2,8.1,10.8,13.5,14.8,12.1,12.2,15.1,12.5,14,18.3,21.1,23.7,33.2,32.5,29.2,30,35.9,56.3,63.7,57.2,57.6,97.5,99.9,113.3,114.4,86.9,69.1,55.2,54.3,50.1,49.2,52.4,53.5,38.2,31.3,14.1,12.1
142,평일,3,315,무악재,하선,45.1,43,58.5,86.3,116.8,141.7,113.9,86.3,74.1,61.7,62.6,45.4,43.2,38.6,44,50.2,40.3,30.9,25.8,27.7,35.6,38,33,21.1,28.6,23.3,18.7,14.8,10.3,9.7,9.8,10.1,11.6,9.6,8.6,8.8,4.7,2.1,1.9
143,평일,3,316,독립문,상선,13.4,10.4,8.3,10.8,13.4,14.9,12.1,13.2,14.5,12.6,14.1,18.4,21.5,24.1,33.2,33.6,29.5,31.1,37.5,62.8,61.7,60.3,58.9,99.3,101.9,115.4,117,89.5,71.1,56.6,55.9,51.1,50.8,53.9,55.3,40.9,28.5,14.7,12.9
144,평일,3,316,독립문,하선,31.5,44.3,59.2,86.7,113.3,142,114.5,90.2,72.5,61.9,63,49.1,41.8,39.3,44.9,51.2,43.3,31.2,27.8,26.8,37,39.7,34,21.8,29.6,24.6,19.1,15,11.5,10,10,10.3,11.6,9.8,8.7,8.9,4.7,2,1.8
145,평일,3,317,경복궁,상선,13.7,9.5,8.6,12,14,16.1,12.5,13.6,14.8,13.4,15,19.7,21.5,26.6,35.3,34,29,31.8,39.1,62,62.2,59.6,66.3,103.9,102,118.8,114.6,90.6,72.2,59.4,54.4,51.9,51.8,54.9,57,41.8,29.3,15.4,7.8
146,평일,3,317,경복궁,하선,32.2,42.4,55.5,82.5,110.9,133.1,111.6,85.6,73,61.4,64.5,54.5,45.2,45.5,47.2,59.5,50.8,39,36.4,36.6,49,57.4,50.2,35.2,41.1,43.3,28.9,22.8,16.3,15.1,14.3,17,18.2,14.8,13.5,12.2,6.1,2.5,1.7
147,평일,3,318,안국,상선,14.4,11,10.6,15.9,19.8,28.3,27.9,27,28.6,22.7,24.7,29.6,31,35.3,46,42.7,35.6,36.8,43.9,65.8,65.5,60.6,67.9,100.3,104.5,112.2,114.3,89.8,68.2,58.7,52.8,51.2,52.1,53,57.6,42.3,29.7,15.6,8.1
148,평일,3,318,안국,하선,31.7,40.4,52,76.5,98.8,125.3,100.4,80.4,72.4,59.9,63.5,53.7,46.3,49.2,49.2,64.5,57.7,50.5,42.1,46.3,61.5,77.1,64.7,47.3,58.2,65.6,39.4,31.7,22.6,20.9,19.2,24,22.9,20.3,16,13.9,8.1,2.9,1.6
149,평일,3,319,종로3가,상선,14.7,12.9,16.5,27.1,35.9,39.9,41.4,36.1,38.9,30.9,34.5,40.5,39.9,43.5,56.7,50.2,41,41.7,47.9,68.9,66,58.7,67.1,96.3,99.2,104.5,108.4,88.7,66.4,55.1,51,50,48.2,53.9,53.4,41.6,26.2,15.9,8.3
150,평일,3,319,종로3가,하선,25.6,32.3,40.9,60.9,76.2,96.8,84.2,64.8,56.7,48.5,49.5,43.4,37.1,38.4,39,53.2,48.9,43.9,36.4,42.2,48.5,69,59,39.7,50.1,61.4,39,28.9,21.1,19.4,18.6,21.4,20.7,19.8,16,13.3,8.9,3,2.1
151,평일,3,320,을지로3가,상선,7.5,8.9,12.3,22.4,27.8,35.1,35.6,31.7,32.7,25.8,30.3,35.2,35.1,39,49,42.8,34.8,35.1,41.6,56.4,54,47,55.3,73.8,80.3,86.5,88.1,71.2,53.6,45.8,39.3,41.3,38.4,43,43.7,27.8,21.4,12.9,6.7
152,평일,3,320,을지로3가,하선,22.4,27.7,31.9,48.7,56.4,75.5,65,52.8,51.5,43.7,45.1,40.3,35.1,35.1,36.1,50.6,47.4,43.5,35.7,41.6,48.3,67.8,57.2,41.3,54.2,69.9,45,31.6,23.4,22,20.6,23.7,24.1,25.5,18,16.6,11.7,4.2,2.6
153,평일,3,321,충무로,상선,7.9,8.8,12,22.5,31.4,42.5,42.1,33.6,30.6,26.3,29.8,34.3,34.6,38.2,46.8,40.3,33.4,33.4,42.8,53.3,50.9,43.3,51.7,65.9,69.8,71,76.4,63.1,45.7,39.8,33.4,35.2,32.2,38.2,38,23.4,17.4,11.3,5.7
154,평일,3,321,충무로,하선,20,34.1,35.8,56.3,62.4,81.6,65.3,62.3,54.8,50.6,48.9,42.9,36.6,37.8,38.7,51.8,54.9,47.6,37.6,45.8,50.4,73.6,61.4,44.4,55.6,73.1,50.7,34.4,26,22.9,21.6,25.2,26.1,29.3,19.6,18.2,13.3,4.7,2.9
155,평일,3,322,동대입구,상선,7.9,8.1,11.3,22.5,30.2,47.6,41.8,37.6,29.2,27.8,29.3,37.7,36.6,42.3,50,43.7,36.1,35.8,46.5,57,54.6,45.8,56.4,72.8,75.9,76.8,85.3,71.5,53.1,45.7,37.7,37.1,34.3,40.2,42,23.7,16.9,11.4,5.6
156,평일,3,322,동대입구,하선,20.1,32.5,34.5,52,61.6,77.6,56.6,61.7,49.2,43.3,44.5,41,31.6,36.1,37.8,45.1,55.3,47.5,38.8,45.7,50.6,75.3,64.6,47.2,56.9,75.2,52.5,35.9,26.8,24.4,23,26.2,26.8,30.6,20.5,18.3,15.8,5.2,2.6
157,평일,3,323,약수,상선,7.4,8.6,11.7,24.6,30.9,50.2,47.1,39.1,33.4,28.6,31,38.6,38.9,43,50.7,42.1,36,35.2,44.5,54.4,52.3,42.4,53.5,67.4,67.2,74.8,83.5,68.7,49.3,41.5,34.1,35.9,30.7,37.6,39.9,23,16.8,11.3,5.7
158,평일,3,323,약수,하선,27.9,38,40.1,62.2,72.8,92.3,72.4,73.5,58,49.4,49.5,44.4,38.1,39.5,41.9,48.8,61.9,51.5,42.1,49.6,52.8,74.9,72,51,54.6,80.4,57.8,38.1,28.5,25.7,24.4,27.6,28.5,33.7,24.8,21.9,17.9,6,3.1
159,평일,3,324,금호,상선,9.4,8,11.6,23.9,32,52.7,47.8,40.7,37.4,30.6,32.6,44.4,41.2,46.3,56,44.9,38.9,39.2,49.2,60.1,55.6,49.4,61.4,78.1,80.2,93.2,98.1,81.4,56.9,50.2,39.8,42,38,43.9,43.7,26.4,19.4,14.1,7
160,평일,3,324,금호,하선,30.8,41.1,38.5,61.9,75.4,95,74,75.7,62.5,48.9,50.2,45.4,38.6,39.8,42,49.1,61.6,51.3,41.5,49.1,51.9,70.4,74.1,50,53.3,78.1,55.7,36.9,28.7,24.3,24.1,26.5,24.9,33.3,23.4,20.8,17,5.6,2.8
161,평일,3,325,옥수,상선,8.1,7.1,10.7,22.8,31.3,51.3,41.3,39.2,36.6,29.6,32,43.3,40.5,47.3,52.8,42.2,38.8,40.5,50.6,60.7,56.4,50.1,62.2,79.1,82.3,96.1,100.5,83,58.3,51.3,40.8,43.2,39,45.6,45,27.5,19,12.7,4.1
162,평일,3,325,옥수,하선,35,45,43,68.9,80.1,105.3,87.2,85.2,72.1,54.9,55.3,50.1,42.4,42.3,45.7,52.4,66.6,53.9,45.4,48.9,55.2,73,76.9,51.6,55.1,78.7,57.9,38,29.2,24.4,24,26.7,25.2,33.3,23.6,21.6,17.6,5.8,3.9
163,평일,3,326,압구정,상선,7.3,7.6,11.9,22.7,31.3,51.4,37.9,39.2,36.9,30.4,33.4,44.7,42.2,50.2,56.1,45.2,41.1,45.3,56.7,70,62.2,56.3,72.5,89.2,93.6,110.2,109.2,89.9,63.7,56.9,44.3,51.2,42.8,52.8,50.5,30.9,20.6,13.4,2.2
164,평일,3,326,압구정,하선,15.9,38.8,39.7,64.9,72.3,93.5,73.4,68.3,59.7,48,48,48.6,39.8,40,43.3,46.6,64.8,53.2,48.3,51.5,56.8,76.5,78.6,55.8,53.5,83.5,67.7,43.3,34.5,29.5,28.2,28.9,29.6,38,25.2,22.9,17.6,5.8,3.6
165,평일,3,327,신사,상선,6.8,9.3,12.8,24.4,36.2,57.9,46.1,50.8,45.2,33.6,40.3,49.3,46.7,57.1,54,46,42.8,44.5,55.9,66.3,57.4,55,71.5,83.4,87.4,101.1,99.7,78.6,54.5,50.7,39.2,45.2,38.5,51.2,38.6,28.4,17.1,12.7,2.5
166,평일,3,327,신사,하선,14.5,32.8,32.2,46.9,56.3,71.4,61.8,47.8,39.6,36.1,37.5,40,33.3,35.4,34.6,41.1,56.3,45.5,40.8,43.1,48.1,63,67.1,50.1,46.7,76,59.1,43.4,31.8,29.1,27.4,29.3,29.6,41.3,26.5,22.5,17.1,5.7,3.3
167,평일,3,328,잠원,상선,7.1,10.3,13,24.6,36.2,52.9,48.8,56.6,50.1,32.4,37.8,42.3,41.5,51.8,48.3,41.6,37.9,41.7,51.1,57.4,48.4,46.7,62.6,69.8,73.2,79.9,81,56.2,41.3,38.8,29.9,34.7,28.3,38.4,29.3,20.6,12.7,9.8,2.6
168,평일,3,328,잠원,하선,14.9,32.3,32.2,47.7,57.5,72.7,66.5,47.3,40,36.7,38,40.7,33.8,35.8,35.1,41.3,56.4,45.7,40.7,42.9,48.2,60.4,69.1,50.9,47.8,69.7,60,43.6,31.5,28.9,26,29.6,29.1,40.6,26.5,22.1,17.1,7.4,3
169,평일,3,329,고속터미널,상선,7.2,11.3,13.3,24.2,35.6,52.1,48.2,55.9,49.7,31.9,37.3,42.3,40.6,51.2,46.9,41.5,38.6,41.9,51.4,57.7,48.7,46.6,62.5,69.5,73.5,83.7,78.6,57,42.1,38.7,31.9,34.7,28.9,39.8,30.4,21.4,13.2,10.2,2.9
170,평일,3,329,고속터미널,하선,17.6,39.5,36.4,59.7,78.4,91.6,97.5,57.2,53.5,43,41.5,43.3,36.7,38.7,36.7,45,61.3,49.8,41.1,41.8,49.6,60,70.3,50.8,51.6,68.9,59.7,43.6,34.6,30,27.8,27.9,30.6,37.9,26.3,20.5,16.3,7.5,4.2
171,평일,3,330,교대,상선,8.1,12.4,17.1,28.9,38.4,53.1,43.2,51.2,39,32.9,39.5,45.9,42.6,53.4,49.5,43.1,40.5,45.8,58.4,64.4,53.7,56.8,76.4,87.6,84.3,107.8,96.3,66.9,47.5,41.7,35.2,40.5,33.5,49.3,37.2,23.3,13.5,11.5,2.9
172,평일,3,330,교대,하선,20.5,38.7,35,53.7,65.5,85.1,77.9,42.1,36.9,30.1,30.2,32.8,26.4,28.9,29.4,34.7,45.4,40.6,34,33.7,40.7,51.7,57,50.3,38.5,60.7,53.6,36.1,28.8,24.9,25.2,24.2,27.1,38.3,24.1,18,17.8,7.1,3.6
173,평일,3,331,남부터미널,상선,8.1,9.4,15.6,28.2,37.1,49.6,43.2,43.9,34.3,29.2,34.1,39.5,36.3,44.3,40.6,33.4,32.2,34.5,45,51.5,41.6,45.7,62.4,72,70.6,90.4,74,51.1,34.9,32.1,26,30.3,28.1,40.3,26.3,17.1,9.5,8.6,2.1
174,평일,3,331,남부터미널,하선,18.2,31.6,29.4,45.5,53,66.1,56.4,32.9,28.9,22.6,24.6,27.6,22.3,24.9,24.3,29.1,36.4,36.1,29.6,28.5,33.1,45.5,50.6,47.3,36.6,60.9,48.4,33.7,27.4,24.2,23.4,23,28.6,31.6,22.9,16.8,16,6.3,2.9
175,평일,3,332,양재,상선,8.3,10.1,16.6,29,39.2,50.3,47.3,42.9,31.1,28.5,31.4,33.2,32.7,37.8,33.6,28,27.1,31,38.7,41.3,33.5,41.7,50.6,57.6,52.1,71,61.4,41,28.8,24.8,21.2,24.1,21.5,32.7,19.2,13,8.4,5.2,1.2
176,평일,3,332,양재,하선,7.5,21.3,19.4,26.1,32.3,36,29.2,18.3,15.9,14.7,16.8,19.3,18.2,18.9,18.9,22.3,28,29.2,24.4,25.1,26.5,39,44.7,45.8,33.8,57.3,46.6,32.2,25.3,22.2,22.1,22.3,25.8,29.1,20.7,15.4,14.4,5.5,2.2
177,평일,3,333,매봉,상선,9.1,10.7,16.8,28.5,42.7,51.8,54.4,43.9,30.5,25.9,27.1,28.6,27.4,31.6,27.9,22.9,22.3,23,29.6,30.9,25.1,30.3,36.4,39.4,33.3,40.2,36.6,22.5,16.8,14,12.5,13.9,12.1,22.4,13.7,8.5,6.1,4,1.2
178,평일,3,333,매봉,하선,7.8,19.8,17.5,24.4,29,29.6,20.4,15.5,13.3,14.1,13.9,17.3,16.5,17.6,18.3,20.8,25.6,27.2,25.2,24.4,25.5,38.1,43.6,45.5,35.2,56.3,48.7,31.4,23.6,22.8,21.4,22.7,25.1,28.4,21.7,14.6,13.4,5,2.8
179,평일,3,334,도곡,상선,8.3,11.3,16,26.7,45,53.1,58.4,40.9,29.9,24.2,26.1,27.2,26.4,29.8,26.4,22.1,20.4,21.1,27.2,27.8,23,27.5,33.7,34.5,29,32.3,30.4,19.8,15.1,12.1,11.1,11.7,10.5,23.1,12.7,7.6,5.4,4.1,1.5
180,평일,3,334,도곡,하선,7.1,17.9,15.6,21.6,24.8,26.8,18.5,11.5,10.6,11.6,11.5,14.1,14.2,14.1,15.6,18.3,21.7,23.7,21.5,20.9,23,29.8,40.1,40,29.1,44.9,44.5,25.6,22.2,19.5,18.1,18.8,20.5,25.6,18.7,14.8,10.7,6.3,3.3
181,평일,3,335,대치,상선,7.1,9.2,15.8,24.3,41.4,46.4,48.9,35.9,25.8,20.8,23.2,23.2,22.2,25.5,22.8,19,16.9,18.6,22.8,23,18.9,23.8,26,31.6,24.6,27.6,24.1,15.4,12.3,9.8,9.2,9.5,8.5,19.6,8.6,6.2,4.5,3.3,1.2
182,평일,3,335,대치,하선,7.2,16.4,13.4,19,23.5,24.4,16.5,10.5,9.5,10,10,12.5,12.5,12.6,13.4,16,18.5,20.4,18.3,18.3,19.9,26,33.7,34.9,25.7,41.5,39.8,22.9,20,17.8,17.2,16.4,18.7,30,20.1,11.6,9,5.3,2.7
183,평일,3,336,학여울,상선,5.6,7.9,13.5,20.5,37.4,42.3,46.1,31.5,23.7,18.6,21.3,20.9,20.2,23.9,19.3,17.7,15.7,18.5,21.1,22.3,18.1,24,26.5,30,23.5,25.3,22.6,13.7,10.3,8.2,8.2,7.5,7.3,8.9,6.3,5.2,4,3.1,1.2
184,평일,3,336,학여울,하선,7.3,15.5,14,18.8,23.2,25.2,15.3,10.5,9.5,8.8,9.8,11.9,12.2,12.3,13.2,14.6,17.3,19.2,17.7,17.5,19.4,25.6,33.2,34.5,25.8,38.9,38.9,25,20,18.8,15.8,16.1,18.3,29.6,19.7,11.3,8.8,5.1,2.6
185,평일,3,337,대청,상선,7,6.9,13,24.4,36.3,44.2,43.8,29.7,22.7,18.4,21.4,19.8,19.7,24.3,18.9,17,15.2,18,20.5,21.5,17.4,23.1,26.2,28.7,22.4,25.6,19.7,13.4,10.2,8,8.1,7.3,7.4,8.7,6.3,5.2,4,3.1,1.3
186,평일,3,337,대청,하선,7.3,14.4,12.5,17.7,19.9,23.8,12.9,10,8.9,8.6,9.2,10.5,12.1,11.1,12.6,13.2,16,17.8,17.5,15.7,19.2,21.8,30,32.2,24.7,36.4,34.1,22.3,17.1,16.8,13.6,13.7,15.4,22.9,16.2,9.1,7,4.6,1.8
187,평일,3,338,일원,상선,6.6,5.5,12,21,32.6,38.8,40.7,26.9,18.6,16.3,19.4,17.7,17.9,22.3,17.2,15.4,13.8,16.3,18.7,18.2,15.9,19,22.8,25.6,19.1,21.8,17.7,11.7,9,7.1,7.6,6.4,7,8.2,6.1,5.1,4.1,3.3,1.4
188,평일,3,338,일원,하선,7,11.6,9.2,12.4,15.7,19.3,15.2,8.6,7.5,7,7.5,9,11.8,8.7,10.5,10.8,13.7,15.2,15.5,14.5,18.3,19.9,29.2,33.3,23.6,31.9,35.2,20,16.1,13.8,13.2,12.1,13.6,19.4,14.9,7.5,7.8,3.7,1.4
189,평일,3,339,수서,상선,6.7,4.8,12.9,20.8,29.2,40.9,35.6,24.9,16,15.9,17.1,14.7,15.3,18.4,13.4,13.6,12.1,13.8,15,14.6,11.7,14,17.7,17.6,15.3,20.8,15.9,10.2,8,6.4,7.4,6.1,6.7,7.2,6,5.1,4,2,1.4
190,평일,3,339,수서,하선,7.4,8.2,7.5,9.3,14,18.2,14.8,7.6,7.2,5.9,7.4,8.4,11.5,8.4,9.4,11.3,12.8,13.6,14.5,14.2,16.9,20,27.6,33.1,23.9,32.1,34.1,17.7,16.4,12.3,13,11.3,13.1,16.3,15.6,6.5,8.4,4.1,1
191,평일,3,340,가락시장,상선,11.8,18.8,22.2,29.1,40.8,46.3,38.8,25.5,17.2,14.4,14.4,13.2,14.8,17.3,12.1,12.5,11,13.4,14.7,13.4,10.2,17.6,18,19.3,21.1,22,15.3,9.6,7.4,6,6.7,5.7,6,7.2,6,3.9,3,1.7,1.3
192,평일,3,340,가락시장,하선,,6,4.7,5.9,9.4,13,12.2,6.3,5.4,6,5.9,6.6,6.4,7.1,6.1,7.8,8.3,8.4,9.2,9.8,11.3,18.3,18.2,22.7,15.7,18.3,29,19.8,12.7,10.5,10.8,9.5,13.4,13.2,10.5,8.8,9.2,3,1.8
193,평일,3,341,경찰병원,상선,9.1,12.6,14.7,20.4,29.2,31.1,24,17.9,10.3,9.8,9,8.9,10,11.3,7.8,8,7.1,8.6,9.1,7.5,6.7,12.1,10.3,12.5,12.2,13.7,8.7,5.4,4.2,3.2,3.7,3.2,3.2,4.5,3.4,2.6,1.8,0.7,
194,평일,3,341,경찰병원,하선,,5,3.7,4.3,7,9.1,7.3,3.6,2.9,4.4,4.5,5.3,4.7,5.5,4.2,6.1,6.4,6.3,6.9,8.4,8.1,15.3,14.6,18.8,14.7,15.7,23.6,15.3,9.5,8.4,8.4,7.7,10.4,10.3,8,6.8,6.5,2.2,0.9
195,평일,3,342,오금,상선,7.5,10.2,11.1,16.1,24.3,25.7,21.2,15.1,8.3,7.7,7.1,6.5,8.1,8.3,6.2,6.4,5.6,6.2,6.6,5.5,4.9,8.7,8.3,9.1,8.7,8.7,6.5,4,3.1,2.3,2.7,2.4,2.4,3.7,2.4,2.3,1.5,0.5,
196,평일,3,342,오금,하선,,0,0,0,0,0,0,0,0,0,0,0,0,0,0,0,0,0,0,0,0,0,0,0,0,0,0,0,0,0,0,0,0,0,0,0,0,0,0
685,토요일,3,309,지축,상선,14,9.2,7.9,10.1,11.6,16.5,12.9,23,26.5,22.3,18.3,24.9,23,32.7,35.7,38.3,35.1,38.7,38.7,31.4,41.1,50.7,51.7,56.7,40.6,43.6,56.9,42.4,42.9,29.9,36.1,27.9,30,47.4,33.5,44.2,43.8,,
686,토요일,3,309,지축,하선,34.7,14.6,16,20.3,30.9,42,33.6,46,47.6,49.2,47.9,46.8,63.7,61.2,48.2,46,50.7,49.9,48.2,46.4,46.4,46.1,47.1,43.1,40.9,26,25.9,23.4,19.9,12.4,16.8,10.1,13.7,16.9,9.5,7.1,5.4,0,
687,토요일,3,310,구파발,상선,14.7,11.9,5.7,4.1,7.1,9.7,7.5,15.3,10.4,17.1,14.8,15.5,12.5,20,14.7,23.1,14.4,23,17.1,21.7,18.5,31.5,22,33.1,25,27.5,37.3,21.4,27.5,16.1,28.2,30.1,18.8,25.1,29.6,23.1,0,0,
688,토요일,3,310,구파발,하선,3.6,14.2,8.6,14.7,17.9,29.1,32.2,32.6,32.5,34.7,41.6,44.6,31.9,44.3,29,33,25.9,35.5,24.7,33.2,24.7,35.1,25.4,33.4,21.2,24.6,19,12.7,14.3,10.2,12.6,12.6,12.2,10.8,8,7.8,4.4,0,
689,토요일,3,311,연신내,상선,15.5,13.9,6.6,6.5,9.7,11,12.9,17.4,20.1,18.7,19.3,20.5,20.5,20.6,23.9,23.9,21.5,26,25.2,23.3,28.1,30.8,32.4,32.9,36.4,33.4,37.4,31.1,27.4,24,28.8,34.5,28,28.6,30.1,26.9,11.8,8.8,
690,토요일,3,311,연신내,하선,9.6,15.7,12.4,13.4,24.8,30.4,38,33.2,38.6,38.2,45.9,48.8,38.9,38.4,37.4,32,35.2,28.5,33.8,25.9,32.7,28,30.6,26.6,25.9,21.7,15.9,15.6,10.8,12.6,10.4,12,11.8,9.7,9.3,7.8,8.1,0,
691,토요일,3,312,불광,상선,14.5,13.3,6.1,7.6,10.4,11.9,15.4,19.4,22.8,20.7,21.4,23.2,23.6,24,28.4,27,24.9,30.3,30.2,28.2,33.5,36.9,40.4,41.1,47.5,42.1,46,38.7,35,32.1,37.5,45.6,36.1,37.8,37.4,32.9,22,10,
692,토요일,3,312,불광,하선,14.2,18.6,15.1,17.4,31.1,34.7,43,41.4,44.9,45.7,52.3,56.2,45.3,45.7,46.5,34.3,41.6,33.3,37.9,31,37.7,33.5,35.6,31.3,30.2,25.1,18.2,17.6,13.3,14.5,11.8,13.9,13.4,11.9,10.5,9.2,9.6,0,
693,토요일,3,313,녹번,상선,12.6,10.9,5.4,7.6,9.6,11.8,15.5,19.3,22.5,20.3,21.2,22.4,22,26.1,27.6,27.3,27.6,28.1,30.6,28.4,34.7,40,42.1,42.6,48.4,42.8,47.8,39.9,34.2,33.1,39.7,47.5,37.9,38.5,36.6,33.4,21.7,,
694,토요일,3,313,녹번,하선,17.7,21.2,16.5,20.1,34.6,39.7,46.9,46.6,49.1,50.7,52.5,65.4,48.7,50.5,50.1,37.8,44.2,36,40.1,32.6,39.4,35.3,36.8,33.2,30.5,25.6,18.4,17.4,13.5,14.6,11.9,13.4,13.5,11.5,9.9,9.2,8.5,0,
695,토요일,3,314,홍제,상선,11.4,9.4,5.6,7.5,9.6,11.7,15.9,20.1,22.4,20.2,21,21.8,21.7,26.4,27.9,27.6,28.1,29.8,32.3,30,36.3,42.3,45,45.2,52,46.2,51.6,43.4,37.6,35.7,43.1,48.8,43.4,42.3,40.8,34.6,24.4,,
696,토요일,3,314,홍제,하선,21.6,24.5,16.8,22.1,34.9,46.4,46.4,51.5,55.8,55.1,55.5,71.6,55.1,59.6,53.9,43.6,43.1,45.2,39,36.5,41.3,42.2,37.5,39.6,30.6,28.3,21.5,16.7,15.5,15,13,12.8,13.8,12.7,9.4,9.1,8,0,
697,토요일,3,315,무악재,상선,10.2,10,6.2,7.4,11.3,12.8,17.1,21.4,22.4,21.5,21.8,22.9,24.2,27,28.7,29.5,29.6,31.3,31.1,35.7,39.5,46.4,48.6,53.4,52,51.6,56,44.9,40.6,39.1,52.4,51.8,47.8,46.5,45.3,38.1,28.5,,
698,토요일,3,315,무악재,하선,22.3,25.2,17.2,22.7,35.8,47.7,47.4,52.7,56.8,56.6,57,72.8,56.7,60.8,54.6,46.8,44,46,39.7,37.3,42.1,43,38.4,40.3,31.1,28.7,21.5,16.7,15.5,15,12.9,12.8,12.1,14,9.1,9.3,7.9,0,
699,토요일,3,316,독립문,상선,9.8,10,6.2,7.6,11.5,12.9,17.3,21.7,23,21.6,21.9,23.1,24.3,27.2,29.2,29.8,30,32.1,31.8,36.2,40.2,47.1,49.6,54.8,53.5,53,58,45.9,41.4,40.4,53.7,53.2,48,49.5,45.3,37.4,30,0,
700,토요일,3,316,독립문,하선,18.4,25.3,18.2,21.4,33.8,47.6,48.1,53.4,56.9,56.8,61.5,68.3,57.9,62.8,56.2,48.3,45.3,47.3,41.5,39.3,44.4,45.5,40.6,42.2,32.8,30.3,22.1,17.3,16,15.1,13,12.9,12.5,14.1,9.2,9.2,7.3,0,
701,토요일,3,317,경복궁,상선,10.6,9.5,6.4,8,11.9,14.3,18.9,24,27,25.8,24.1,24.3,25.4,28.5,31.7,31.4,32.1,33.9,35.3,35.2,41.4,48.3,50.6,55.5,54.6,54.2,59,46.7,42.1,41.3,54.7,52.1,49.9,50.2,46.7,38.5,30.9,8.3,
702,토요일,3,317,경복궁,하선,20.6,22.7,19.7,19.6,33.1,45.6,47.4,54.1,58.8,53.2,62.4,66.8,66.8,59.9,65.4,50.1,54.2,48.3,56.8,49.6,54.9,55.3,57.7,53,51.9,41.5,33.8,29.7,22.1,22.9,19.9,20.6,20,21.2,13.9,13.7,10.5,0,
703,토요일,3,318,안국,상선,10.9,9.7,7.1,9.8,13.3,17.6,26.8,34,44.4,37.1,38.2,39.6,40.6,41.5,48.3,46.5,42.7,56.2,46.8,45.8,51.4,56.4,52.4,66.5,58.9,56.6,57.6,46.1,40.9,41.3,54.5,51.3,49.7,50.3,46.7,38.7,22.6,,
704,토요일,3,318,안국,하선,20.6,22,19.3,19,32,44.7,45.9,53.4,56.1,52.6,60.7,66.1,65.3,61.8,66.6,53,56.8,53.4,63,55.9,64.3,68.6,70.8,68.4,67.4,56.3,46,40.6,31.7,31.5,27.4,28.7,26.7,27,19.5,14.7,11.3,0,
705,토요일,3,319,종로3가,상선,10.7,10.6,7.9,11.5,16.9,22.3,33.9,42.2,53.6,47.1,53.3,54.9,53.9,53.9,63.9,59.7,53.3,72.4,57.6,56.1,60.4,63.3,57.2,71,61.1,57,58.1,45.6,40.1,40.5,57.2,45.6,48.3,48.9,45.9,38.6,23.3,,
706,토요일,3,319,종로3가,하선,17.2,17.3,13.3,15.7,22.5,34.8,37.4,42.8,43.7,41.7,46.6,50,48,47.7,51,43.1,43.8,43.9,50.2,45.8,51.3,57,58.7,57.3,55,51.2,40,33.1,28,28,25.2,26,25.5,24.6,19.1,14.3,11.2,0,
707,토요일,3,320,을지로3가,상선,5.6,6.9,5.3,7.8,12.1,17.3,25,30.5,39,35.1,42.1,42.4,44.4,45,50.7,49,44.9,56.5,41,52.5,50,51,47.2,58.6,52.5,49.1,44.6,36.2,32.7,33.1,45.7,37.9,41.9,37.2,36.4,29.1,19.2,,
708,토요일,3,320,을지로3가,하선,15.8,15.4,11.7,14.3,18.3,30.7,34,37.4,39.3,39.4,40.1,44.4,42.9,41.3,43.9,39.8,39.8,42.2,41.3,46,42,48.8,56.1,50.8,53.7,47,38.2,31.5,28.2,26.6,26.1,26,28.6,27.3,22.2,17.1,14.5,0,
709,토요일,3,321,충무로,상선,5.1,6.1,5.1,6.9,11,15.6,22,27.3,34.7,31.6,38.6,39.9,42.3,43.4,49.6,47.8,42.2,51.8,39.8,47.6,47.5,49.2,45.6,56.9,52.6,47.2,44.3,33.9,31.5,30.8,40.3,32.8,40.7,32.6,31.5,23.8,16.3,,
710,토요일,3,321,충무로,하선,16.6,20.1,14,16.4,22.4,38,39.7,45.2,43.6,43.8,44.3,47.6,47.7,44.5,45.5,42.4,42.5,44.8,41.8,46.1,42.2,51,54.8,52.1,53.6,47.8,38,30.7,27.9,25.6,25.4,26.1,27.5,26.2,22,17.3,15.1,0,
711,토요일,3,322,동대입구,상선,6.2,5.8,5.3,7.7,9.6,14.8,20.4,24.3,29.6,30.6,35.5,38.8,44.2,45.8,50.5,49.1,48.3,48.9,40.5,47.7,51.1,53.5,56.5,53,57.7,54,45.8,37,31.6,34.2,43.9,34.1,49.2,35.7,32.9,24.1,16,,
712,토요일,3,322,동대입구,하선,16.9,18.7,13.1,15,21.2,33.8,35.1,42.4,39.4,40.3,39.8,44.1,44.9,42.1,42.8,38.1,42.2,44.7,41.4,45.5,41.1,49.8,51.7,49.2,50.5,44,36.6,31.2,29,27.1,26.1,27.7,36.8,30.7,24.7,18,15.3,0,
713,토요일,3,323,약수,상선,5.8,5.9,5.7,8.3,10,15.2,22.7,25.6,32.1,32.2,37.5,40.3,45.3,46.6,51.2,49.9,48.5,47.9,42.3,44.3,49.7,52.2,56.9,51.6,57,52.3,45.2,34.9,30.2,31.8,42.1,31.4,32.5,31,29.6,22.7,16,,
714,토요일,3,323,약수,하선,21.8,22.7,16.4,16.4,23.3,37.9,41.5,51.8,46.7,46.7,45.6,50.7,54.2,45.8,44.1,46.5,48.1,47.9,45,48.4,45.8,52.5,57.3,51.9,55.8,46.2,41.2,34.6,29.3,29.4,26.4,30.7,34.7,32.1,26,18.6,19.2,0,
715,토요일,3,324,금호,상선,8.2,5.4,6.1,8.4,10.1,17.5,24.2,26.4,32.6,33.1,39.3,42.3,49.2,50.3,56,55,53.6,52.3,47.4,48.7,56.3,58.7,64.5,58.5,63.9,59.8,49.9,40.3,34.1,36.6,47.2,35.4,35.7,37.9,35.1,26.9,16.6,,
716,토요일,3,324,금호,하선,23.5,23.4,16.8,16.7,23.7,37,40.6,54,46.8,49.6,47.9,49.1,54.6,44.9,46.7,47,48.3,45.6,47.7,47.3,47.1,53.6,54,52.9,52.6,45.5,40.5,33.6,28.6,29.1,25.9,29.6,34,31.4,25.1,18.1,18.1,0,
717,토요일,3,325,옥수,상선,7.4,4.9,6,7.9,11,17.4,23.6,26.1,30.9,34.6,38.2,43.3,47.2,52.6,53.9,48.5,57.4,50.3,47.9,51.7,52.7,61.8,58.3,65.7,60.8,62.2,48.1,39.9,34.7,36.7,47.8,37.8,35,38.8,36.4,27.9,17.8,,
718,토요일,3,325,옥수,하선,26.6,22.7,21.2,18,26.3,40.5,45.6,60.9,54,55.7,52.7,53.9,60.2,50.3,50.9,51.7,52.6,49.1,52,49.8,51,56.4,57.7,55.5,55.9,47.6,42.4,34.8,29.5,29.3,26.1,30.6,33.5,31.1,25.2,17.9,18,0,
719,토요일,3,326,압구정,상선,7.5,5.4,6.5,8.3,11.6,18.2,24.5,26.9,31.5,35.6,40,45.6,49.9,55.8,56.6,51.9,60.8,54.1,52,56.6,56.9,67.4,64,71,66.3,67.9,53,44.4,39,41.9,54.5,42,39.1,43.5,39.4,28.3,20,0,
720,토요일,3,326,압구정,하선,9.7,23,20.6,15.9,20.4,34.4,37.6,49,42.3,50.4,46.6,49.1,55.5,47.5,47.8,54,47.3,48.7,52.4,51.6,52,59.8,58.5,58.6,56.9,50.9,42.6,40.1,33.3,32.9,31.3,32.1,37.1,34.6,29.5,19.4,17,0,
721,토요일,3,327,신사,상선,6.1,6.4,6.9,9.2,13.9,23.5,29.4,35.9,40.2,40.9,44.9,50.9,55.7,56.8,59.6,53.7,62.9,54.5,50.2,53.7,55.1,63,62.1,65.2,61.6,62.7,45.7,40.4,34.6,36.8,43.5,36.7,35,37.8,36.1,26.5,13.8,,
722,토요일,3,327,신사,하선,9.7,20.4,18.2,14,16.9,29.1,29.8,33.8,33.3,35,37.6,40,42.2,41.1,45.2,43.1,37.1,44.2,45.2,43.6,41,56.8,50.2,53.6,49.5,43.9,34.7,36.5,29.2,30.4,30.5,29.8,36,34,28,20.9,13.8,0,
723,토요일,3,328,잠원,상선,5.4,6.7,7.4,9.2,12.3,22,30,37.8,42,39.3,44.5,44.9,50.5,52,53.6,51,54.2,47.6,44.2,47.3,48,51.4,54.8,55,53.3,54.8,39.9,32,28.2,30.9,36.4,28.6,26.3,29.7,25.2,18.7,9.1,,
724,토요일,3,328,잠원,하선,9.9,19.7,18.1,14,17,29.5,30.1,33.5,33.4,35.2,38.2,41.1,43.6,41.8,45.7,43.9,37.4,44.5,45.4,44,40.8,57.2,50.3,53.8,49.8,44.1,34.8,36.4,29.1,30.3,30.5,29.7,35.9,33.9,27.4,20.7,13.5,0,
725,토요일,3,329,고속터미널,상선,5.7,7.5,7.7,9.3,12.5,21.9,30.4,38.6,42,39,44,44.1,49.3,51.6,53.2,50.8,54.3,47.7,44,47.3,48.1,51.5,54.8,54.9,53.6,55,39.8,32.4,28.4,30.9,36.6,28.7,26.8,30.2,26,19.2,9.7,,
726,토요일,3,329,고속터미널,하선,11.4,23.4,19.4,15.3,17.3,31.4,33.8,36.7,37.8,37.1,41.8,39.9,48,47.3,51.7,45.2,37.7,43.9,43.9,42.9,34.1,55.2,53.4,51,50.2,44.8,39.9,34.4,29.6,31.2,33.3,29.8,31.2,32.5,27.1,17.9,12.9,0,
727,토요일,3,330,교대,상선,7.7,8,9.9,11.3,14.4,23.1,32.2,35.1,38.4,36.2,43.9,44.3,49.4,50.5,52.6,53.7,54.7,48.9,45.5,51.6,51.7,52.4,55.7,57.2,56,58.7,39.6,34.1,27.1,31.7,31.1,29.1,27.2,35.3,27.2,20.3,9.8,,
728,토요일,3,330,교대,하선,14.3,23.3,19,14,17,29.4,32.3,31,25.4,36.4,33.2,31.4,39.4,35.5,38.1,35.3,31.9,34.5,35.3,33.3,29.8,46.1,43.8,40.1,38.5,36.8,32,27.3,23.9,26.5,26.3,23.4,23.7,29.5,21.1,16.4,11.6,0,
729,토요일,3,331,남부터미널,상선,6.3,6.5,8,10.4,12.5,19.3,25.3,27.7,29.4,31.9,35,38.8,40.9,45.5,43.4,45.5,40.7,38.9,35.3,40.6,43,43.4,43.5,46.3,44.7,45.5,28.8,28.4,20.8,26.9,22.2,24.7,21.1,29.7,22.6,13.3,7.7,,
730,토요일,3,331,남부터미널,하선,12.3,17.7,15.8,10.4,13.8,22.8,27,25.2,20.3,26.3,25.3,25.9,30.4,27.4,30.8,27.9,24.8,27.5,28.2,27.4,24.1,36.1,35.7,34.4,31.9,30.2,26.6,24.6,20.7,23.7,23.1,21.4,20.9,28.9,19.3,15,11.5,0,
731,토요일,3,332,양재,상선,6.3,6.4,8.1,9.9,12.6,19,23.2,25.1,25.5,28.5,30,33.2,34.2,38.4,36.5,37.8,34.6,31.3,29.3,33.5,34.9,34.5,35.7,33.9,35.8,36.4,22.4,20,16,18.7,17.7,19.7,15.8,21.6,19.3,10.8,7.2,,
732,토요일,3,332,양재,하선,6.3,13.7,8.6,8.4,9.1,17.5,21.8,17.9,16.6,19.5,17.1,18.2,21,21.2,24,23.8,19.8,20.2,23.8,22.7,23.8,25.7,27.9,26.9,27.3,26.2,21.8,19.6,18.3,18.6,17.9,17.4,17.4,24.3,14.5,12.8,10.5,2.7,
733,토요일,3,333,매봉,상선,6,5.9,8.8,9.5,12,17.5,22.5,22.2,24.9,26.8,24.8,29.5,30.1,30.8,32.9,32.3,28.2,22.4,23.2,25.3,24.8,27.5,27.4,28.6,30.4,27.8,16,11.6,11.3,12.1,12.3,11.9,11.6,17.9,14.4,8.1,6.7,,
734,토요일,3,333,매봉,하선,6.7,12.9,7.9,8,8.2,15.5,19.4,16.4,17.1,16.2,15.5,17.7,19.7,20.7,22.9,23,19.3,19.1,22.7,21.9,22.5,24.8,25.9,25.9,25.6,25.5,20.8,18.7,17.3,17.9,17.5,17.2,17,23.7,14.9,12.8,9.2,2.2,
735,토요일,3,334,도곡,상선,5.9,5.6,8.6,9.1,12,17.4,22.1,21.7,24.8,25.6,23.8,26.6,28.8,28.9,32.1,31.1,26.6,21.1,21.9,23.6,23.5,25.6,26.1,26.8,29.4,26.7,15.1,10.6,10.7,12.3,10.6,10.2,10.1,19.1,13.9,7.9,6.9,,
736,토요일,3,334,도곡,하선,6.5,11.4,6.7,6.5,6.9,12,15.7,13.6,15.4,14.6,12.9,14.5,16.7,17.8,19.5,20.3,16.1,17.6,19.3,18.4,18.5,21,21.7,20.7,21.8,21,19.4,16,14.1,15.7,14.1,14.3,15.9,18.4,13.6,10.7,8.2,0,
737,토요일,3,335,대치,상선,5.3,4.5,7.2,8.1,10.3,16.1,18.7,18.6,21.7,21.8,20.8,22.4,23.1,22.7,28.5,26.5,22.4,17.6,17.7,19.4,20.4,22,21.4,23.5,24.7,23.2,12.4,8.8,8.9,9.6,7.9,8.2,8.2,16.8,10.3,6.6,6.8,,
738,토요일,3,335,대치,하선,6.2,10,6.1,6,5.4,8.2,10.9,9.7,12.6,13,11.7,11.8,14.7,15.3,15.7,16.6,13.9,16.7,16,17.6,18.5,18.3,18.2,22.5,19,19.7,18.1,14.6,14.1,14.3,13.5,14.3,13.9,20.9,13.3,9.5,6.8,0,
739,토요일,3,336,학여울,상선,4.3,4.7,6.6,7.3,9.9,15,19.1,17.8,21.4,20.7,19.7,20.9,21.5,20,26.5,23.9,20.7,14.6,15,16.7,18.1,19,19.4,17.4,18.7,19.4,9.8,6.8,7.8,7.6,6.6,6.5,6.5,7.2,7.1,5.8,6.9,,
740,토요일,3,336,학여울,하선,6.3,10.4,6.5,5.9,5.3,7.9,9.8,8.4,9.7,9.3,9.8,10.4,13.5,13.4,14.6,14.7,11.7,14.8,14.2,16,17.2,17.5,18,22.4,19,20.2,17.9,14.3,14,14.2,13.3,14,13.7,20.7,13,9.4,6.7,0,
741,토요일,3,337,대청,상선,4,5.7,6.3,6.9,10.3,16.5,16.8,20.6,20.1,20.7,21,21.2,18.5,23.7,21,22.7,19.1,13.7,14.2,15,16.8,17.6,15.4,14.3,16.7,12.9,9.4,7,6.9,7.4,6.4,6.5,6.3,7.1,7.2,5.9,6.9,,
742,토요일,3,337,대청,하선,6.9,9.9,5.8,5.5,5.1,7.8,9.4,8,9.5,9.2,9.5,9.9,13.2,12.8,13.8,13.6,9.7,13.9,12.9,14.6,15.6,15.8,16.4,21,16.5,17.8,16.2,12.8,12.2,12.3,11.6,11.9,11.6,17.6,10.7,7.2,7.4,1.5,
743,토요일,3,338,일원,상선,3.7,5.2,5.5,6,8.9,14.3,15.1,18.5,17.6,18.7,18.8,18.5,16.1,21.1,18.3,20.5,17.1,12,12.9,13.5,15.1,15.5,14.1,12.8,14.8,11.7,8.9,6.6,6.8,6.4,7.1,6.7,6.1,7,6.5,5.5,6.7,,
744,토요일,3,338,일원,하선,6.7,9.1,4.7,4.2,4.7,6.4,8.1,7.7,9.3,8.6,8.9,9.6,12.6,12.7,12.6,11.7,10.8,12.3,12.7,13.5,14.6,14.8,17,16.7,16.8,17.3,13.7,11.8,12.1,10,10.1,11.1,9.8,14.2,12.4,6.3,6.4,1.1,
745,토요일,3,339,수서,상선,4.2,4.4,5.9,6.3,8.4,13.9,15.8,15.5,17.1,16.9,15.7,16.8,13.9,18.9,16.7,18.8,14,11.5,11.7,11.9,13.1,13.7,13,12.3,12.8,10.6,7.8,6.1,7.2,6.2,7.1,6,7.2,6.3,6.7,5.6,6.9,,
746,토요일,3,339,수서,하선,6.8,6.4,3.6,3.6,4.5,6.5,8.4,7.2,8.5,8.1,10.3,9.7,12.2,13.3,12.2,13.2,10.2,11,11.6,13.2,14.7,14.8,16.1,16.3,14.4,16.2,12.4,9.8,11.3,8.6,8.6,10.8,8.5,11.7,12.4,5.5,6.4,0,
747,토요일,3,340,가락시장,상선,8,12.9,6.7,6.5,7.8,13.2,15,18.1,16.6,13.5,13.2,14.7,15,20.6,14.9,16,12.7,10.7,12.1,11.5,11.6,12.7,12.2,11.9,12.6,10.7,9.6,7,7.4,7,7,7.1,9.8,7.8,4.6,4.9,6.2,,
748,토요일,3,340,가락시장,하선,,5.4,2.9,3,2.7,4.5,6.2,4.2,5.4,4.7,5.5,5.5,6.6,7.9,7,8,7,5.8,7.7,7.7,8.7,10.2,9.4,10.2,12,10.4,6.7,7.4,9.2,6.6,10.8,7.7,7.9,9.9,11.2,8.4,6.5,0,
749,토요일,3,341,경찰병원,상선,5.8,9,4.3,5,6,8.5,10.4,11.7,10.9,8.6,8.5,8.7,10,14.5,9.6,10.5,7.6,6.5,7.5,7.4,7.6,7.8,7,8,7.3,6.6,5.2,3.7,3.7,3.4,3.3,4.3,6.8,4.8,2.1,2.8,,,
750,토요일,3,341,경찰병원,하선,,4.4,2.3,2.3,2.2,3.2,5.2,3.9,3.8,3.8,4.7,3.9,5.4,6.9,5.9,6.7,5.8,5.1,5.3,6.6,7.6,5.6,9.6,8.6,8.5,7.3,6.8,5.7,6.9,5.6,6.9,5.9,6.1,8.1,9.6,6.2,4.7,0,
751,토요일,3,342,오금,상선,5,7.6,3.7,4,4.8,6.7,8.6,9.3,8.4,6.5,6.6,6.5,8.3,11.8,7.1,7.8,5.7,5.2,5.9,5.4,5.7,6.4,6,6.6,6.9,4.6,4.2,2.9,2.9,2.7,2.5,5,4.1,4.1,1.6,2.2,,,
752,토요일,3,342,오금,하선,,0,0,0,0,0,0,0,0,0,0,0,0,0,0,0,0,0,0,0,0,0,0,0,0,0,0,0,0,0,0,0,0,0,0,0,0,0,
1241,일요일,3,309,지축,상선,9.3,5.2,5.3,6,6.6,10.4,8.3,17.4,19.7,16,11.7,16,15.5,21.3,23.3,26.6,29.4,32.2,32.8,27.7,37,39.7,41.1,40.6,29.8,32.1,43.2,31.9,34.5,23.9,28.2,20.4,21.7,29,20.4,23.9,22.5,,
1242,일요일,3,309,지축,하선,19,9.8,11.5,13.1,18.3,26.3,21.6,35.2,39,42.9,38.4,31.3,44.7,43.2,32.3,38.7,39.5,35,34,32.2,34.1,30.5,32.4,28.6,25.4,17.7,21.1,18.2,19.2,11.1,16.7,8.7,11,12.7,6.9,5.4,4.3,0,
1243,일요일,3,310,구파발,상선,9.7,5.6,3.5,2.4,4,6.2,5.1,11.6,7.5,11.6,9.5,10.2,8.4,13.5,9.4,17,12.4,19.9,13.6,21.1,14.9,25.1,17.4,24.5,17.7,20.6,28.1,15.7,21.7,13.1,22.6,22.3,14,15.3,17.5,11.9,0,0,
1244,일요일,3,310,구파발,하선,2,8.8,6.2,10.2,9.9,17.9,20.5,24.7,26.3,29.4,32.8,29.3,21.1,29.6,21.4,25.4,20.6,24.8,18.7,23.1,17.8,22.7,18.1,21.5,14.4,17.2,15.7,10.4,13.4,9.3,12.1,11.1,9.7,8.2,5.9,6,3.6,0,
1245,일요일,3,311,연신내,상선,9.9,7.1,4.2,3.9,5.9,7.4,9.7,13.8,13.7,14,13.3,13.4,13.6,14.1,14.2,17.7,19,21.1,20.6,21.6,22.2,25.1,25.7,24.2,25.2,24.7,27.8,22.8,22.5,19,22.2,26.3,20.5,18.2,17.5,14.5,5.9,0.8,
1246,일요일,3,311,연신내,하선,5,9.5,8.3,8.8,13.5,18.4,23.8,25.1,28.6,30.8,36.5,33.1,26.2,25.6,27,23.9,26.9,22.2,23.7,20.2,22.1,18.6,22,16.2,17.8,14.1,13.2,13.4,10.8,11.6,9.1,10.8,8.8,7.4,6.3,6,6.7,0,
1247,일요일,3,312,불광,상선,8.6,7.9,4,5,6.1,7.8,11.8,15.3,15.7,15.7,14.7,14.9,15.8,16.1,16.6,20.1,21.6,24.7,24.8,24.4,26.8,29.3,31.8,31.3,32.2,31.5,35.1,28.9,28.3,24.8,30.1,33.7,26.6,24.4,20.6,18.5,11.7,0.8,
1248,일요일,3,312,불광,하선,7.7,11.4,9.7,11,17.6,20.9,27.6,30.3,32.3,35.3,40.8,39.2,30.8,30.9,34.6,26.3,31.6,26.5,28.1,24.7,25.6,23.1,25.7,19.3,20.2,16.8,15.5,15.8,12.6,13.3,10.4,12,10.7,8.9,7.3,6.7,7.3,0,
1249,일요일,3,313,녹번,상선,7.2,6.9,3.5,5.4,5.7,7.7,12.2,15.5,17.2,15.3,14.8,13.7,16,16,16.4,20.1,22.1,23.8,23.7,23.1,28.3,29.5,31.5,30,35.1,33.2,35.3,30,27.2,25.3,32.5,35.5,27.3,24.3,20.9,18.9,10.2,,
1250,일요일,3,313,녹번,하선,9.4,12.7,10.9,12.4,19.1,23.6,30.1,33.7,35,38.8,40.9,46.2,34.1,33.8,37.5,29,33.8,28.5,29.5,25.9,27,24.5,25.7,20.3,20.7,17.3,15.4,15.5,12.8,13.1,10.6,11.6,10.2,8.6,7.1,6.5,6.2,0,
1251,일요일,3,314,홍제,상선,6.3,6,3.9,5.5,5.9,8.4,12.6,15.5,17.3,15.2,14.6,13.9,16.2,15.8,16.8,20.5,22.2,24.4,24.6,24.4,29.9,31.1,33.2,32,38,36.2,38.3,32.5,30.3,27.5,36.4,37.2,30.3,27.4,23.5,19.7,11.7,,
1252,일요일,3,314,홍제,하선,11.3,14.4,11,13,19.5,26.8,30.9,35.1,40.4,41,41.1,50.5,39.3,40.2,39.1,32.7,33.7,35.3,29.3,32.1,27.1,28.2,25.4,25,20.1,19.5,17.7,14.6,14.5,13.5,11.4,10.8,10.4,9.7,6.6,6.4,5.1,0,
1253,일요일,3,315,무악재,상선,5.3,6.6,4.6,5.7,6.4,8.6,13,16.2,18.3,16.1,13.4,17.4,15.2,16.6,18.1,21.6,23.3,26,24.8,26.5,33.9,33.3,36.3,38.3,36.5,41.4,41.1,34.7,32.6,31.4,42.3,40.1,33.3,30.1,26.6,22.2,13.7,,
1254,일요일,3,315,무악재,하선,11.8,14.6,11.2,13.3,20,27.7,31.6,36.2,41.3,42.2,42.1,51.5,40.3,41,39.3,35,34.3,35.9,30.1,32.7,27.4,28.5,25.9,25.4,20.4,19.8,18.1,14.8,14.5,13.5,11.5,10.9,9.2,10.8,6.3,6.9,4.9,0,
1255,일요일,3,316,독립문,상선,5.2,6.6,4.6,5.8,6.4,8.5,13,16.3,18.6,16.3,13.7,17.8,15.5,16.8,18.4,22,23.8,26.4,25.6,27.1,34.9,34.1,36.9,39,37.1,42.7,41.9,35.5,33.5,32.4,43.2,40.9,33.2,31.4,26,22.6,14.5,0,
1256,일요일,3,316,독립문,하선,9.5,14.5,11.3,13.1,19.3,27.2,31.7,36.5,41.2,42.1,45.1,47.8,41.5,42.4,40.5,36.3,35.7,37.8,31.3,34.8,29.7,30.1,27.8,26.6,22,20.6,18,15.1,14.5,13.9,11.6,10.3,10.1,10.9,6.2,6.8,4.8,0,
1257,일요일,3,317,경복궁,상선,6.5,5.9,4.6,5.9,6.6,9.5,14.5,18.5,22.1,20,16.6,19.9,16.2,18.4,19.4,23,25.1,28,26.8,27.4,35.9,34.3,37.7,39.6,38.2,43.2,42.6,36.4,34.3,32.9,44.1,41.4,32.8,32.5,26.6,23.2,15.2,3.9,
1258,일요일,3,317,경복궁,하선,11,12.4,12,11.9,18.9,25,29.5,35.3,41.9,40,45.9,47.3,46.8,42.4,48.1,39.7,42.9,40.4,43.6,41.5,43.4,39.2,40.7,35.1,36.6,28.1,26,23.8,18.9,19,15.4,15.3,14.6,14.5,8.2,8.9,5.8,0,
1259,일요일,3,318,안국,상선,6.5,6.6,4.8,6.7,8.9,11.9,20.9,28.1,32.8,36.2,31.8,30.1,30.1,29.6,32.9,34.6,35.5,38.7,33.9,34.6,41.3,38.4,41.2,40.7,40.3,44.3,42.2,36.1,33.3,33.5,44.5,41.7,32.8,32.4,27.4,22.5,10.8,,
1260,일요일,3,318,안국,하선,10.9,11.8,11.7,11.7,18.2,24.5,28,34.4,40.7,39.2,44.4,46.6,47.2,44.4,49.7,41.8,45.1,46.8,49.3,49.8,51.9,49.2,52.3,48.3,46.2,38.6,34.8,32.4,25.5,25,20.5,19.4,17.7,17.2,11.7,9.2,5.6,0,
1261,일요일,3,319,종로3가,상선,6.6,7.1,5.6,8,12.8,14.9,27.9,34,40.3,45.7,43.2,39.5,41,39.4,44.1,45.3,47.4,48.3,42.8,41,46.2,42.9,44.3,41.5,41.3,44.2,42.2,35.1,32.4,33.9,44.5,39.6,32.7,31.8,26.1,22.4,11.2,,
1262,일요일,3,319,종로3가,하선,9.5,9.9,8.5,9.4,12,19.7,22.5,26.7,30.4,30,34.2,34,35.3,33.1,37.7,33.1,33.7,36.2,38.3,37.9,41,39.6,41.8,41,34.1,36.8,29.2,27.3,22.5,21.6,18.3,17.5,16.9,14.6,10.6,7.8,4.4,0,
1263,일요일,3,320,을지로3가,상선,4.1,5.1,4,6,8.7,11.9,19.7,24.2,28.1,32.9,34.3,30.6,30.8,30.5,34.5,34.5,37.3,36.3,33,32.6,33.4,33.8,34.3,32.3,32.4,34.9,31,26.5,25,27.2,34.7,29.9,26.1,25.3,21.2,17.6,9.5,,
1264,일요일,3,320,을지로3가,하선,9,8.8,7.5,8.3,10,17.4,19.5,22.4,24.6,28.4,28.3,28.9,31.3,30,29.6,30.5,30,32.3,33.6,35.2,34.3,35.3,37.4,37.9,31.4,34.8,25.3,26.6,22.7,20.2,19.3,17.9,18.4,16,13.1,9.6,6.2,0,
1265,일요일,3,321,충무로,상선,3.9,4.3,3.8,5.1,7.8,9.7,16.6,20.6,24.7,27.4,30.5,26.9,27.8,26.5,31.3,30.6,33.9,30.8,29.8,29.1,30.8,30.8,30.7,30.7,31.3,31.9,29.7,24.8,22.9,24.4,31.2,25,23.2,21.6,17.8,15.6,8.2,,
1266,일요일,3,321,충무로,하선,10,10.8,8.5,9.5,11.2,19.6,21.1,24.8,25.2,30.3,29.2,31.3,33.7,31.3,31,29.9,32.8,31.6,32,34,33.8,35.7,35.3,37.3,30,32.6,24.6,26.7,21.2,21.6,19.4,18.7,18.4,16.3,13,9.5,5.2,0,
1267,일요일,3,322,동대입구,상선,5.5,4.1,3.9,5.9,5.8,8.8,13.8,17.2,21.1,22.3,24.1,24.2,26,26.3,30.9,32.3,32.5,30.5,28.6,27.9,31.1,32.6,32.4,34.2,32.9,36.3,32.5,26,26,28.9,35.3,28,27.8,24.9,20.4,18.1,8.9,,
1268,일요일,3,322,동대입구,하선,10.1,9.7,7.7,8.6,9.8,16.9,18.3,22.9,23.3,28,26.7,29.5,31.7,29.4,29.7,27.3,32.2,31.4,31.4,34.2,33.1,36,34.4,38.1,29.1,32.9,24.6,27.2,21.5,21.8,19.5,18.8,18.7,17.2,13.3,9.2,7.3,0,
1269,일요일,3,323,약수,상선,5.2,4.3,4.2,6.2,6.2,9.4,15.1,18,22.3,22.7,25,24.8,26.8,26.5,31.5,32.8,32.9,29.9,27.2,28.8,29.6,30.9,32.1,31,31.4,32.8,30.8,24.5,24.8,26.4,36.8,26.9,25.7,24.1,19.8,18,9,,
1270,일요일,3,323,약수,하선,14.7,12,10.1,9,11.2,19.2,21.6,28,26.3,32.4,30.4,33.3,35.7,32.3,35.1,30.1,37.3,34.1,35.5,37.1,36.9,37.3,39.7,38.8,34.8,33.5,29.4,23.7,25.8,23.5,21.2,19.6,19.8,18.5,14,9.4,9.6,0,
1271,일요일,3,324,금호,상선,7.1,4.2,4.6,6.4,6.5,10.6,15.3,17.7,21.9,23.8,26.8,26.9,29.1,28.6,34,35.8,35.9,33.4,29.7,31.8,33.5,35.3,35.9,36,35.9,37.4,34.4,28.7,28.9,30.2,40.8,31.1,30.6,28.3,23.9,20.6,9.3,,
1272,일요일,3,324,금호,하선,15.2,12.4,10.2,9.2,11.6,17.4,22.7,28.2,28.2,30.3,31.6,34.1,35.8,32.1,35.9,30.4,37.4,33.2,36.2,35.9,37.4,35.3,40.1,37.3,35.9,33,28.6,23.1,25.5,23.1,20.7,19,19,17.8,13.5,9,9.2,0,
1273,일요일,3,325,옥수,상선,6.6,3.8,5,6,6.5,10.7,14.9,17.6,23.1,22.6,25.5,26.3,27.8,28.7,34.1,34.6,35.2,32.3,29.5,31.2,34.3,34.9,37.1,35.3,36.6,39,33.4,31.3,28,30.5,41.8,33.6,28.5,29.2,24.4,20.7,9.9,,
1274,일요일,3,325,옥수,하선,16.7,13.2,11.9,10.2,12.3,19.4,25,31.3,32,33.1,35,37.1,39.3,34.9,39.1,32.7,40.3,35.6,38.9,38.8,39.7,36.8,42.2,39.3,37.9,34.2,29.4,24.1,26.9,24.1,21.3,20.1,19.2,18.2,13.8,9.4,9.5,0,
1275,일요일,3,326,압구정,상선,7,4.1,5.1,6.4,6.9,10.8,15.4,17.9,23.6,23,26.2,27.2,28.7,29.4,35.8,36.3,36.6,35.2,33.6,32.1,37.2,38.4,41.1,38.8,39.6,42.8,37.5,34.7,31.6,34.1,47.9,38.5,32,32.7,27.7,21.4,11.8,0,
1276,일요일,3,326,압구정,하선,5.9,13.4,10.7,9.2,10.2,16,21.4,26.2,27.3,28.8,30.6,32.5,35.6,31.5,38.9,31.4,37,35.1,38.9,37.7,38.7,38,42.1,39.9,38.3,37.5,33.1,26.8,27.1,24.5,27.7,22.1,21.4,20.7,16.4,9.9,8.9,0,
1277,일요일,3,327,신사,상선,5.6,4.8,5.7,7.1,8.1,13.7,18.5,22.1,26.7,25.3,30.2,31,30.9,30.7,36.3,37,37.5,34.8,32.6,31.9,36.7,36.9,37.9,36,38.5,38.7,33,31.4,28.7,31.9,38.8,33.9,29,30,25.7,20.8,8.4,,
1278,일요일,3,327,신사,하선,7.5,11.5,9.5,8.4,8.4,14.2,17.1,20.6,23,21.4,24.8,27.6,30.1,25.5,30.9,31.2,27.7,32.2,32.1,31.9,31.7,34.2,35.8,36.8,33.1,32.2,28.9,23.9,24.5,23.7,26.1,21.3,21.2,21.4,15.7,10.8,7.4,0,
1279,일요일,3,328,잠원,상선,4.1,4.3,5.6,6.3,7,11.2,16.1,19.5,23.6,22.6,28.9,28,27.4,27.5,33.2,33.2,34.3,30.3,29.3,29.4,32.8,31.5,32.9,35.3,34.3,34.1,29,26.3,24.7,27.8,33.3,27.1,21.9,23,20.8,14.9,5.8,,
1280,일요일,3,328,잠원,하선,7.6,11.5,9.6,8.4,8.5,13.6,17.3,21,23.2,21.8,24.9,27.9,30.1,25.6,31.1,32.7,28,32.4,32.2,32,31.8,34.3,35.9,36.4,33,31.9,28.9,23.9,24.4,23.8,26.3,21.4,21.2,21.2,15.3,10.8,7.2,0,
1281,일요일,3,329,고속터미널,상선,4,4.5,5.5,6.3,7.1,11.8,16.2,19.3,23.7,22.3,28.5,27.5,27.4,27.2,33.1,32.4,34.2,30.4,29.3,29.8,33,31.6,33.2,35.6,34.6,34.9,29.6,26.6,24.7,28,33.2,27,21.9,23.2,21.6,15.2,6.2,,
1282,일요일,3,329,고속터미널,하선,7,12.4,9.8,8.6,8.9,14.3,17.5,22.4,24.9,21.9,25.1,28.1,30.9,26.8,30.3,32.4,28.9,32.2,29.4,34,34.3,33,36.5,35.9,35.6,31.8,34.4,28.2,29.4,28.6,29.1,24.3,23,24.3,19.7,12.9,7.7,0,
1283,일요일,3,330,교대,상선,4.7,5.3,6.7,7,8.1,13.1,16.9,19.3,25,23.1,28.3,27.5,29.4,28.3,33.9,36.5,38,33.8,31.3,30.9,33.7,33.5,34.8,36.2,37.1,36.2,29.7,24,21.3,25.1,23.9,24.1,19.1,21.8,18,11.9,4.9,,
1284,일요일,3,330,교대,하선,8.2,12.3,9.4,7.3,8.3,13.3,15.6,19.8,19.6,21.2,22.5,21.7,25.7,23,23.5,26.1,26.8,26,27.5,28.5,30.4,27,29.9,30.4,29.9,25.8,28.2,22.7,25.5,22.7,22.3,19.5,16.8,19.8,16.1,10.5,6.9,0,
1285,일요일,3,331,남부터미널,상선,3.5,3.8,5.9,5.9,7.2,10.5,14,19,20.1,21.3,24.2,22.9,23.4,25.3,29.3,30.1,30.4,26.8,24.4,27.2,26.3,28.9,28.1,29.7,28,30.5,22.3,18.8,17.2,21.6,19.5,18.3,15.4,17.5,15.3,9.6,3.4,,
1286,일요일,3,331,남부터미널,하선,7.1,9.2,7.5,5.9,6.9,11.7,12.4,16.9,16.4,17.7,17.7,18.1,20.7,17.6,17.9,19.3,19.5,20.2,20.7,22.1,22.7,21.3,24.1,24.4,23.7,22,22.5,18.1,20.7,19.1,19.4,17.6,15,18.4,14.3,8.9,6.9,0,
1287,일요일,3,332,양재,상선,3.3,3.6,5.4,5.5,6.7,9.9,12.9,17.2,17.4,18.4,20.7,18.9,19.9,20.8,26.2,26.5,26.6,23.3,20.4,22.6,21.2,22.2,22.5,22.3,22.8,23.5,16.5,13.5,12.3,14.9,14,13.8,11,13.5,11.7,6.8,3.3,,
1288,일요일,3,332,양재,하선,4.1,7.7,4.4,4.3,4.5,8,9.5,11,12.8,12.5,11.2,11.9,15,14.1,15.3,16.7,14.5,14.7,17,17.5,17.7,18,19.2,19,19.2,20.4,16.9,15.3,16.1,14.6,15.4,13.4,12.7,15,11,7.1,6.4,1.1,
1289,일요일,3,333,매봉,상선,3.5,3.6,5.2,5.1,6.4,9.1,12.3,15.1,16.8,18.9,16.6,18.1,18.5,16,23.5,21.1,22.8,17.3,15.9,18.3,16.5,17.3,16.8,17.8,18.6,16.3,12,8.9,8.7,9.5,9.5,10.6,8.1,11.2,10.1,4.5,3.7,,
1290,일요일,3,333,매봉,하선,4.1,7.3,4,4.1,4.1,7.5,8.9,10.3,12.3,11,10.2,11.1,14.7,13.1,14.7,16.4,13.9,14.3,15.9,16.8,16.7,17.4,17.7,18.1,18.4,19.4,16.3,14.8,15.3,14.1,15.1,13,12.2,14.5,10.6,8.1,5.3,0.8,
1291,일요일,3,334,도곡,상선,3.5,3.5,5,4.8,6.1,8.7,11.8,14.4,16.5,18.4,16.2,17.3,17.9,14.9,23,20.2,21.7,16.1,14.9,17,15.9,16.2,16.3,16.6,18.3,15.6,11.7,8.4,8,9,8.4,9.2,7.4,10.9,9.7,4.2,3.9,,
1292,일요일,3,334,도곡,하선,3.7,6.5,3.5,3.5,3.5,6.2,7.3,8.5,10.6,9.7,8.4,8.8,11.2,11.1,12.8,14.2,11.4,12.5,13.6,14.1,13.5,14.7,14.8,14.8,15.6,13.9,16.7,13.4,12.1,12.4,11.7,11.5,11.7,11.1,9.1,6.7,4.4,0,
1293,일요일,3,335,대치,상선,3.2,3,4.2,4.3,5.3,7.5,10.4,12.3,14.3,15.4,13.8,14.6,14.6,12.8,19.1,17.7,18.4,12.6,12.7,13.5,13.4,13.7,13.5,14.6,15.1,12.4,9.4,7,6.6,7.4,6.6,7.1,6.2,9.8,7.9,3.7,3.7,,
1294,일요일,3,335,대치,하선,3.8,5.9,3.2,3.2,3.1,4.5,5.3,6.7,8.8,8.4,8.5,7.3,9.7,9.1,10.2,10.8,10.7,11.8,12,11.9,13.4,13.5,12.6,15.4,15.2,12.6,15.4,10.8,12.5,11,11.2,12,10.3,12.3,8.2,5.6,3.7,0,
1295,일요일,3,336,학여울,상선,2.5,3.2,3.5,3.9,4.8,7.1,10.1,11.3,13.3,14.3,13,13.2,13.3,10.8,17.5,15.6,16.8,10.9,11,12.1,11.9,12.2,12,10.8,11.4,10,8.3,5.9,5.8,5.9,5.8,5.2,4.9,4.4,6.4,3.2,4.3,,
1296,일요일,3,336,학여울,하선,4,6.7,3.3,3.2,3,4.4,4.8,6,6.8,6.9,7.1,6.1,8,8.3,9,9.3,9.2,10.4,10.8,10.9,12.9,13.6,12.7,15.4,15.1,12.5,15.2,10.6,12.3,10.9,11.1,11.8,10.2,12.2,8.1,5.5,3.6,0,
1297,일요일,3,337,대청,상선,2.3,3.4,3.4,4,4.7,8.3,9.6,12.2,13.2,13.4,14.4,13.3,12.2,13.4,15.2,14.6,14.4,10.1,10.6,10.7,10.6,10.8,9.4,9.5,10.5,8.9,7.4,5.8,5.8,5.6,5.7,5.2,4.9,4.3,6.4,3.2,4.4,,
1298,일요일,3,337,대청,하선,4.5,6.7,3.3,3.1,2.9,4.2,4.8,5.9,6.6,7,7,6.3,7.8,8.4,8.4,8.8,8.7,9.5,9.8,10,11.5,12.1,11.4,14.1,13.2,10.9,13.4,9.5,10.4,9.3,9.6,9.5,8.6,10.5,7.5,3.9,3.8,1,
1299,일요일,3,338,일원,상선,2,3.1,3,3.5,4.1,7.2,8.3,10.2,11.5,11.5,13,11,10.1,12,13.8,13,12.9,9.3,9.1,9.7,9.6,10,8.8,8.8,9.7,8.1,6.9,5.5,5.3,5.6,6,5.1,5,4,5.8,2.7,4.3,,
1300,일요일,3,338,일원,하선,4.4,6,2.9,2.8,2.8,3.5,4.5,5.4,6.1,6.6,6,6,7.2,8,8.5,8.1,8.4,8.6,9.5,9.5,9.8,12.5,10.4,12,12.4,11.4,11.8,9.5,6.8,10.1,7.8,9.7,6.9,8.7,8.4,3.3,3.3,0.6,
1301,일요일,3,339,수서,상선,2.6,2.6,2.9,3.5,3.8,7.3,8.5,10.2,10.7,11.8,11.8,9.8,9,11.6,11.4,12.4,11.1,8.8,8.3,8.9,8.6,8.8,7.9,8.1,9,8,5.7,5.4,4.9,5.5,5.7,5,5.4,3.4,5.8,2.6,4.4,,
1302,일요일,3,339,수서,하선,4.3,3.8,2.4,2.2,2.5,3.4,4.3,4.6,6,7.1,7.6,6.9,7.6,9.2,8.9,9.7,8.5,7.9,9.1,9.2,10.7,13.1,9.7,10.7,11.5,11.5,10.6,8.8,5.7,8.8,7,9.6,6.1,7,10.6,3.2,3.7,0,
1303,일요일,3,340,가락시장,상선,4.9,7,3.8,3.6,4,6.9,8.4,12.6,10.5,11.4,9.9,9,9.3,12.5,10.3,11.2,10.1,8.1,9.1,9.4,8.3,8.7,8.2,8,9.1,8.2,7.9,5.8,5.3,6.8,8.9,5.8,6.3,5.3,3.4,2,3.3,,
1304,일요일,3,340,가락시장,하선,,3,1.7,1.7,1.5,2.2,2.8,3.2,4.4,5.4,4.5,3.9,4.2,4.9,4.5,6.3,4.8,4.6,6.1,6.3,6.9,9.2,6.5,6.7,9.8,8.4,6.8,6.1,5.9,5.3,8.2,7,5.5,6.5,8.9,5.4,3.4,0,
1305,일요일,3,341,경찰병원,상선,3.6,4.7,2.5,2.2,3.4,4.5,5.5,7.6,7.3,7.7,6.3,5.9,6.4,8.2,7.2,8,6.7,4.9,5.7,5.7,5,5.3,4.5,4.4,5.3,4.7,4.4,2.7,3.4,4.4,6.4,3.5,3.9,3.1,2.1,1.3,,,
1306,일요일,3,341,경찰병원,하선,,2.6,1.3,1.4,1.2,1.9,2.3,3,3.4,4.6,4.4,3.2,3.4,4.7,3.4,4.2,4.5,3.8,4.5,5.2,6.5,5.8,5.5,6.4,6.8,6.2,6.1,4.5,4.5,4.3,5.8,5.1,4.6,4.9,7.9,3.9,2.3,0,
1307,일요일,3,342,오금,상선,3.2,4.1,2,1.7,2.7,3.3,4.3,6,6,6,4.9,4.6,5.2,6.5,5.4,6.5,4.6,4.2,4.7,4.7,4.1,4.2,3.9,3.6,4.5,3.4,3.7,2.3,3,3.6,6.4,3.5,2.9,2.7,1.5,1.1,,,
1308,일요일,3,342,오금,하선,,0,0,0,0,0,0,0,0,0,0,0,0,0,0,0,0,0,0,0,0,0,0,0,0,0,0,0,0,0,0,0,0,0,0,0,0,0,
